word,definition,sentence,synonyms,tags
abbreviate,"To shorten a word, phrase, or text.","The teacher told me to abbreviate my twenty-page excuse, so I wrote, ""Dog. Homework. Complicated.""",shorten; condense; abridge; contract,Blue and White - Easy
abet,To help or encourage someone to do something wrong.,The dog abetted the cookie theft by barking whenever Mom approached the kitchen.,aid; assist; encourage; facilitate,Blue and White - Easy
abstain,To deliberately refrain from doing or consuming something.,"I vowed to abstain from dessert, a noble commitment that survived until the waiter said ""cheesecake.""",refrain; forgo; desist; avoid,Blue and White - Easy
abstract,Existing as an idea rather than a concrete object; also a summary.,Justice is abstract; the Lego under my bare foot was painfully concrete.,theoretical; conceptual; intangible; summary,Blue and White - Easy
abusive,"Extremely insulting, cruel, or harmful.","The parrot's abusive language was shocking, especially because Grandma claimed she had ""no idea where he learned it.""",cruel; insulting; harsh; mistreating,Blue and White - Easy
accessible,"Easy to reach, use, understand, or obtain.","The cookies were technically accessible, assuming you had a ladder, lock picks, and no respect for household rules.",reachable; available; usable; approachable,Blue and White - Easy
accolade,An award or expression of praise.,"My greatest accolade was a refrigerator magnet reading ""World's Okayest Cook.""",award; honor; tribute; praise,Blue and White - Easy
accumulate,To gather or increase gradually over time.,Dirty socks accumulated under my son's bed until they appeared to form their own municipal government.,collect; amass; gather; accrue,Blue and White - Easy
acuity,"Sharpness of thought, perception, or senses.",Grandma's visual acuity is remarkable: she can spot an unwashed plate from two rooms away.,sharpness; keenness; perception; discernment,Blue and White - Easy
adhere,To stick firmly to something; to follow a rule or belief.,"I tried to adhere to the diet, but the doughnut adhered more successfully to my hand.",stick; cling; comply; follow,Blue and White - Easy
adulation,Excessive praise or admiration.,The puppy received such adulation at the party that he began expecting applause for sitting down.,worship; praise; admiration; flattery,Blue and White - Easy
advocate,To publicly support a cause or idea; a person who does so.,Dad advocates energy conservation while leaving seventeen lights on to search for his glasses.,support; champion; promote; proponent,Blue and White - Easy
aesthetic,"Concerned with beauty, style, or artistic appearance.","The café's aesthetic was ""rustic farmhouse,"" which apparently means sitting on a crate beside a mason jar.",artistic; visual; stylistic; tasteful,Blue and White - Easy
affable,"Friendly, pleasant, and easy to talk to.",The affable dentist chatted warmly while holding equipment that looked designed for mining.,friendly; genial; amiable; cordial,Blue and White - Easy
alienate,"To make someone feel isolated, unwelcome, or hostile.","You can quickly alienate your coworkers by microwaving fish and then asking, ""Does anyone smell that?""",estrange; isolate; antagonize; distance,Blue and White - Easy
altercation,A heated argument or confrontation.,A minor altercation erupted over the last doughnut and required diplomatic intervention from Grandma.,argument; dispute; quarrel; confrontation,Blue and White - Easy
altruistic,Selflessly concerned with the welfare of others.,"My altruistic brother gave me the last slice of pizza, although I later learned he had already eaten six.",selfless; charitable; benevolent; unselfish,Blue and White - Easy
amass,To gather a large amount of something.,Grandpa amassed so many extension cords that the garage now resembles an electrical octopus preserve.,accumulate; gather; collect; stockpile,Blue and White - Easy
ambiguous,Open to more than one interpretation; unclear.,"The note ""Meet me by the bank"" was ambiguous because our town has a river and three financial institutions.",unclear; vague; equivocal; uncertain,Blue and White - Easy
ambivalent,Having mixed or contradictory feelings.,"I was ambivalent about the snowstorm: no school sounded wonderful, but shoveling did not.",conflicted; uncertain; torn; undecided,Blue and White - Easy
ameliorate,To make a bad or difficult situation better.,We ameliorated the long car ride by giving the children snacks and Grandpa noise-canceling headphones.,improve; alleviate; ease; mitigate,Blue and White - Easy
amiable,"Friendly, pleasant, and good-natured.","The amiable waiter smiled even after my toddler called him ""Captain Mustache"" for the fifth time.",friendly; genial; affable; agreeable,Blue and White - Easy
anarchy,A state of disorder caused by absence of authority or control.,"When the substitute teacher left for thirty seconds, the classroom descended into anarchy and someone crowned the hamster principal.",lawlessness; chaos; disorder; turmoil,Blue and White - Easy
anonymous,Not identified by name.,"An anonymous donor left fifty cupcakes at the office, and productivity immediately became anonymous too.",unnamed; unidentified; unknown; uncredited,Blue and White - Easy
antagonistic,"Hostile, opposing, or unfriendly.",The cat became antagonistic toward the vacuum after their first meeting and has rejected all peace talks.,hostile; opposed; combative; adversarial,Blue and White - Easy
apathy,"Lack of interest, enthusiasm, or concern.",My teenager greeted the announcement of a free museum trip with such apathy that even the couch looked more excited.,indifference; unconcern; lethargy; disinterest,Blue and White - Easy
appeal,To make an earnest request; also to attract or interest.,"The broccoli did not appeal to Leo until I renamed it ""tiny edible trees with cheese.""",attract; request; petition; charm,Blue and White - Easy
appease,To calm or satisfy someone by meeting a demand.,"We appeased the furious toddler with crackers, stickers, and temporary control of the television remote.",placate; pacify; mollify; soothe,Blue and White - Easy
arable,Suitable for growing crops.,The farmer's arable land produced corn; my backyard mostly produces mysterious plastic toys after snowmelt.,farmable; cultivable; fertile; tillable,Blue and White - Easy
archaic,Very old-fashioned or no longer commonly used.,"Dad's archaic phrase ""telephone directory"" caused the children to assume he meant an app for dinosaurs.",outdated; antiquated; obsolete; ancient,Blue and White - Easy
arid,Extremely dry; lacking moisture or interest.,"The desert was arid, and so was Uncle Ted's forty-minute lecture on lawn fertilizer.",dry; parched; barren; tedious,Blue and White - Easy
arrogant,Having an exaggerated sense of one's own importance or ability.,My arrogant rooster appears convinced that sunrise occurs because he personally announces it.,haughty; conceited; pompous; overbearing,Blue and White - Easy
articulate,Able to express ideas clearly and effectively; to express clearly.,The five-year-old was remarkably articulate when explaining why bedtime violated her civil liberties.,eloquent; expressive; lucid; well-spoken,Blue and White - Easy
artifact,"An object made by humans, especially one of historical interest.",The archaeologist found an ancient artifact; my son found a 2007 flip phone and reached the same conclusion.,relic; object; antiquity; remnant,Blue and White - Easy
ascend,To move upward or rise.,I ascended the stairs with dignity until the dog raced past me carrying my sock like a victory flag.,climb; rise; mount; soar,Blue and White - Easy
ascetic,Practicing severe self-discipline and avoiding luxury.,"My ascetic weekend lasted four minutes, ending when I remembered the hotel had room service.",austere; self-denying; abstemious; disciplined,Blue and White - Easy
assess,"To evaluate or estimate the nature, quality, or value of something.","The mechanic assessed the strange noise, frowned, and asked whether the car had recently swallowed a trombone.",evaluate; appraise; judge; estimate,Blue and White - Easy
assuage,To make an unpleasant feeling less intense.,I assuaged my guilt about eating the last cookie by reminding myself that the cookie would have wanted me to be happy.,ease; relieve; soothe; alleviate,Blue and White - Easy
atrophy,To waste away or weaken from lack of use.,My handwriting skills have atrophied so badly that my grocery list now resembles a medical emergency.,weaken; waste away; deteriorate; wither,Blue and White - Easy
audacity,Bold or shameless confidence.,He had the audacity to eat my fries and then complain that I had not ordered enough.,nerve; boldness; temerity; brazenness,Blue and White - Easy
audible,Able to be heard.,Grandpa's whisper was audible from the driveway and may have altered local migration patterns.,hearable; perceptible; distinct; detectable,Blue and White - Easy
austere,"Severely simple, plain, or strict.","The hotel room was austere: one bed, one chair, and a painting that looked apologetic.",plain; severe; spartan; unadorned,Blue and White - Easy
authoritarian,Favoring strict obedience to authority at the expense of personal freedom.,The toddler ran an authoritarian household in which bedtime was illegal and cookies were compulsory.,dictatorial; autocratic; oppressive; controlling,Blue and White - Easy
aversion,A strong dislike or desire to avoid something.,"My cat has an aversion to water, vacuum cleaners, closed doors, and apparently my happiness.",dislike; antipathy; repugnance; distaste,Blue and White - Easy
bane,A cause of persistent trouble or distress.,"Autocorrect is the bane of my existence, especially when it turns ""meeting"" into ""meatball.""",scourge; curse; torment; nuisance,Blue and White - Easy
barren,Unable to produce much vegetation; empty or unproductive.,"The fridge was barren except for mustard, one lime, and a container nobody was brave enough to open.",sterile; unproductive; desolate; empty,Blue and White - Easy
becloud,To make unclear or confused.,Three hours of contradictory instructions beclouded the issue until nobody remembered what we were assembling.,obscure; confuse; cloud; muddle,Blue and White - Easy
belie,To give a false impression of; to contradict or disprove.,His calm smile belied the panic in his eyes as the birthday candles ignited the tablecloth.,contradict; disguise; misrepresent; disprove,Blue and White - Easy
belligerant,"Hostile, aggressive, and eager to fight.",The belligerent goose approached our picnic as though enforcing an unpaid bread tax.,aggressive; hostile; combative; pugnacious,Blue and White - Easy
beneficial,Producing a good or helpful result.,"Exercise is beneficial, which is unfortunate because sitting down is so much more convenient.",helpful; advantageous; favorable; useful,Blue and White - Easy
benevolent,"Kind, generous, and wishing to do good.",Our benevolent neighbor returned my runaway dog and included a snack bag for both of us.,kind; charitable; compassionate; altruistic,Blue and White - Easy
bias,An unfair preference for or against something.,"As judge of the pie contest, Grandpa had an obvious bias toward whichever pie was currently on his plate.",prejudice; partiality; inclination; preference,Blue and White - Easy
blueprint,A detailed plan or design for how something should be built or achieved.,"My son's blueprint for a treehouse included a waterslide, elevator, and absolutely no discussion of gravity.",plan; design; scheme; outline,Blue and White - Easy
bolster,"To support, strengthen, or reinforce.","I bolstered my argument for ordering pizza with charts, testimonials, and the fact that I had burned dinner.",support; strengthen; reinforce; buttress,Blue and White - Easy
bustle,To move around energetically and busily.,Grandma bustled around the kitchen with such speed that the gravy appeared to fear her.,hurry; scurry; rush; bustle about,Blue and White - Easy
buttress,To support or strengthen something.,"The lawyer buttressed his case with photographs, receipts, and one extremely judgmental eyewitness parrot.",support; bolster; reinforce; strengthen,Blue and White - Easy
cacophony,"A harsh mixture of loud, unpleasant sounds.",The school band warm-up created a cacophony that caused several nearby birds to reconsider migration.,din; racket; discord; clamor,Blue and White - Easy
cajole,To persuade someone through flattery or gentle pressure.,I cajoled the dog off the couch by calling him handsome and mentioning cheese.,coax; persuade; wheedle; sweet-talk,Blue and White - Easy
candor,"Honest, open, and direct expression.","With refreshing candor, the waiter said, ""I work here, and I would not order the fish.""",frankness; honesty; openness; sincerity,Blue and White - Easy
censor,To suppress or remove material considered unacceptable.,"Mom censored Grandpa's wedding toast after discovering the phrase ""I probably shouldn't tell this story.""",suppress; edit; redact; restrict,Blue and White - Easy
certitude,Complete certainty or confidence that something is true.,"Dad announced with certitude that he knew the shortcut, moments before we crossed the same bridge for the third time.",certainty; assurance; conviction; confidence,Blue and White - Easy
chaos,Complete disorder and confusion.,The kitchen descended into chaos when the mixer started before anyone remembered to attach the bowl.,disorder; turmoil; confusion; anarchy,Blue and White - Easy
chronic,Continuing for a long time or recurring frequently.,My chronic habit of losing keys has turned the entryway into an archaeological excavation site.,persistent; recurring; continual; long-term,Blue and White - Easy
circumscribe,To limit or restrict within boundaries.,"Mom circumscribed my ""small party"" to ten guests after I invited the marching band.",limit; restrict; confine; bound,Blue and White - Easy
civil,Polite and courteous; relating to citizens or nonmilitary matters.,"The siblings remained civil during dinner, which meant nobody threw anything larger than a pea.",polite; courteous; respectful; civic,Blue and White - Easy
clandestine,Kept secret or done secretly.,Our clandestine midnight raid on the cookie jar failed when Dad opened the world's loudest bag of chips.,secret; covert; furtive; hidden,Blue and White - Easy
clemency,"Mercy or lenience, especially in punishment.","The judge showed clemency and reduced the dog's sentence from ""no couch"" to ""couch with supervision.""",mercy; leniency; compassion; pardon,Blue and White - Easy
coalesce,To come together and form one whole.,"The children, dog, and Grandma coalesced into a powerful coalition demanding pancakes for dinner.",unite; merge; combine; fuse,Blue and White - Easy
coherent,"Logical, clear, and consistent.","His explanation was coherent until he introduced time travel, a raccoon, and ""the cheese factor.""",logical; clear; consistent; intelligible,Blue and White - Easy
compassionate,Showing sympathy and concern for others' suffering.,"The compassionate dentist let me choose the music, then politely ignored my request to play funeral marches.",kind; empathetic; caring; merciful,Blue and White - Easy
compatible,Able to exist or work together without conflict.,"My goals of ""sleep late"" and ""attend the 7 a.m. meeting"" were not compatible.",harmonious; consistent; suitable; congruent,Blue and White - Easy
competent,Having sufficient skill or ability to do something well.,The plumber was competent enough to fix the sink without accidentally improving the toaster.,capable; proficient; skilled; able,Blue and White - Easy
comprehensible,Able to be understood.,The directions became comprehensible only after I turned the page right-side up.,understandable; intelligible; clear; coherent,Blue and White - Easy
comprehensive,Thorough and including nearly everything relevant.,"Dad's comprehensive packing list included sunscreen, passports, and, inexplicably, a rubber chicken.",thorough; complete; exhaustive; inclusive,Blue and White - Easy
concede,To admit something is true or to yield after resistance.,"I conceded that Grandma had won the argument after she produced receipts, witnesses, and a labeled pie chart.",admit; acknowledge; yield; surrender,Blue and White - Easy
condone,To accept or allow behavior considered wrong.,"I do not condone stealing fries, even when the thief is a toddler with excellent negotiation skills.",permit; tolerate; overlook; excuse,Blue and White - Easy
confine,To keep within limits or a restricted space.,"We confined the puppy to the kitchen, which he interpreted as an invitation to remodel it.",restrict; imprison; limit; contain,Blue and White - Easy
conflagration,"A large, destructive fire.",One forgotten garlic bread became a conflagration that introduced us to three very friendly firefighters.,inferno; blaze; firestorm; great fire,Blue and White - Easy
conform,To behave according to accepted standards or match a pattern.,The rebellious sock refused to conform and emerged from the laundry bright pink while all its colleagues were white.,comply; fit; adapt; follow,Blue and White - Easy
confound,"To confuse, surprise, or prove something wrong.","The new remote confounded Grandpa with forty-seven buttons, three of which appeared to control weather satellites.",baffle; perplex; confuse; frustrate,Blue and White - Easy
congeal,"To thicken or solidify, especially from cooling.",The gravy congealed into a substance sturdy enough to support small furniture.,solidify; coagulate; thicken; set,Blue and White - Easy
consequence,A result or effect of an action or condition.,The consequence of feeding the dog under the table was discovering he now attends every meal with legal expectations.,result; effect; outcome; repercussion,Blue and White - Easy
conservative,Cautious about change; favoring traditional practices or restrained estimates.,"My conservative estimate was that the toddler had spilled ""some"" cereal; the floor suggested several acres.",cautious; traditional; moderate; restrained,Blue and White - Easy
conserve,To protect from loss or waste; to use sparingly.,Dad conserves water by taking short showers and then spends twenty minutes explaining that fact.,save; preserve; protect; husband,Blue and White - Easy
consolidate,To combine several things into one stronger or more effective whole.,"We consolidated seven half-empty cereal boxes into one container now known as ""Breakfast Roulette.""",combine; merge; unite; integrate,Blue and White - Easy
contaminate,"To make something impure, dirty, or unsafe.",One red sock contaminated the white laundry and created twelve garments suitable for Valentine's Day.,pollute; taint; infect; adulterate,Blue and White - Easy
contemporary,Existing or occurring in the present time; from the same time period.,"The museum's contemporary art included a chair upside down, which made me reconsider my garage.",modern; current; present-day; coexisting,Blue and White - Easy
contempt,A strong feeling that someone or something is worthless or beneath respect.,The cat regarded the new puppy with the contempt of a duke discovering a goat at dinner.,scorn; disdain; disrespect; derision,Blue and White - Easy
contract,To become smaller; to enter into a binding agreement; also such an agreement.,"My enthusiasm contracted rapidly after I read the contract and found the phrase ""mandatory team-building karaoke.""",shrink; agreement; covenant; compact,Blue and White - Easy
conventional,Following accepted customs or ordinary methods.,"A conventional birthday cake has candles; Uncle Mike's had sparklers, a fog machine, and legal questions.",traditional; customary; standard; ordinary,Blue and White - Easy
conviction,A firmly held belief; also a formal finding of guilt.,"Grandpa spoke with absolute conviction that the remote was broken, while sitting directly on it.",belief; certainty; judgment; finding of guilt,Blue and White - Easy
convoke,To call people together for a formal meeting.,The principal convoked an emergency meeting after a goat appeared in the chemistry lab wearing safety goggles.,summon; assemble; convene; call,Blue and White - Easy
copious,Large in quantity; abundant.,"The diner served copious fries, enough to settle several international potato disputes.",abundant; plentiful; profuse; ample,Blue and White - Easy
cordial,"Warm, friendly, and polite.",The meeting remained cordial until someone suggested changing Grandma's stuffing recipe.,friendly; warm; gracious; affable,Blue and White - Easy
corrupt,Dishonest or immoral; to damage or spoil something.,The corrupt referee accepted a bribe of two cookies and an unusually flattering drawing.,dishonest; immoral; taint; debase,Blue and White - Easy
cryptic,Mysterious or difficult to understand.,"The note on the fridge was cryptic: ""Tuesday. Bananas. Trust nobody.""",mysterious; obscure; enigmatic; puzzling,Blue and White - Easy
culpable,Deserving blame or responsibility for wrongdoing.,The dog looked culpable because innocent animals rarely hide beneath the table with a whole ham.,guilty; blameworthy; responsible; at fault,Blue and White - Easy
cultivate,"To prepare land for crops; to develop a quality, skill, or relationship.",I cultivated patience by teaching Grandpa how to use streaming television without throwing the remote.,develop; foster; nurture; grow,Blue and White - Easy
curb,"To restrain, control, or limit something.",I tried to curb my coffee habit by switching to smaller cups and drinking twelve of them.,restrain; limit; control; check,Blue and White - Easy
cursory,Quick and not thorough.,"My cursory inspection of the hotel room missed the lizard, which had apparently conducted a much more comprehensive inspection of me.",hasty; superficial; brief; perfunctory,Blue and White - Easy
cynical,Distrustful of people's motives and inclined to expect selfishness or disappointment.,"My cynical uncle assumes every ""free sample"" is merely the opening move in a sophisticated cheese conspiracy.",skeptical; distrustful; pessimistic; sardonic,Blue and White - Easy
daunting,Seeming difficult enough to cause fear or discouragement.,The mountain looked daunting until Grandma tightened her shoelaces and asked why everyone was standing around whining.,intimidating; formidable; discouraging; overwhelming,Blue and White - Easy
dauntless,Fearless and determined despite danger or difficulty.,The dauntless toddler marched toward the enormous dog armed only with a cracker and unreasonable confidence.,fearless; intrepid; brave; bold,Blue and White - Easy
dawdle,To waste time by moving or acting slowly.,"We told Liam not to dawdle, so he spent ten minutes explaining why he was definitely not dawdling.",linger; delay; loiter; procrastinate,Blue and White - Easy
debilitate,To make someone or something weak or less effective.,The stomach virus debilitated me so thoroughly that lifting the remote felt like competitive weightlifting.,weaken; enfeeble; impair; exhaust,Blue and White - Easy
decisive,Able to make decisions quickly and firmly; producing a definite result.,Mom was decisive: either clean the room now or explain to the fire marshal why the floor had disappeared.,firm; resolute; conclusive; determined,Blue and White - Easy
decorous,"Polite, restrained, and appropriate to a formal situation.",The dinner remained decorous until Grandpa attempted to launch a dinner roll into the bread basket from six feet away.,proper; respectable; dignified; seemly,Blue and White - Easy
decorum,Proper and polite behavior.,"Restaurant decorum generally discourages sword fighting with breadsticks, a rule my children learned surprisingly late.",etiquette; propriety; manners; civility,Blue and White - Easy
defame,To damage someone's reputation by making false statements.,The squirrel attempted to defame the dog by leaving acorn shells beside the stolen pie.,slander; malign; libel; smear,Blue and White - Easy
defenestration,The act of throwing someone or something out of a window.,"The printer's repeated ""paper jam"" messages nearly resulted in its defenestration from the second-floor office.",ejection; expulsion; throwing out,Blue and White - Easy
degenerate,To decline into a worse condition or lower standard.,"The intellectual debate degenerated into two adults shouting, ""Your lasagna is weird!""",deteriorate; decline; regress; worsen,Blue and White - Easy
deliberate,Done intentionally; or to think carefully before deciding.,"After deliberate consideration, the jury determined that nobody should let Uncle Fred operate the fondue fountain again.",intentional; considered; ponder; weigh,Blue and White - Easy
demoralize,"To destroy someone's confidence, spirit, or hope.",Nothing demoralizes a beginning golfer like watching an eight-year-old casually hit the ball twice as far.,discourage; dishearten; dispirit; depress,Blue and White - Easy
denounce,To publicly condemn strongly.,"The neighborhood association denounced the mystery person leaving zucchini on porches, while secretly suspecting Grandma.",condemn; decry; criticize; censure,Blue and White - Easy
deplete,To greatly reduce the amount or supply of something.,One teenage sleepover depleted the refrigerator so completely that the mustard looked lonely.,exhaust; drain; diminish; use up,Blue and White - Easy
derivative,Copied or developed from something else rather than original.,"The movie felt derivative: it was essentially ""Jaws,"" except the shark was a furious goose.",imitative; unoriginal; borrowed; secondary,Blue and White - Easy
despair,The complete loss of hope.,"I felt despair when the ice-cream machine displayed ""OUT OF ORDER"" and the employee nodded with practiced sorrow.",hopelessness; anguish; despondency; gloom,Blue and White - Easy
despise,To dislike or hate intensely.,My cat despises closed doors because they imply a universe in which he is not consulted.,loathe; detest; abhor; scorn,Blue and White - Easy
destitute,Extremely poor and lacking basic necessities.,"After buying four concert tickets, I felt temporarily destitute and began regarding free ketchup packets as assets.",impoverished; penniless; needy; indigent,Blue and White - Easy
detour,An indirect route taken to avoid an obstacle or reach a destination.,"Dad's ""tiny detour"" added forty miles, two tolls, and an unexpected visit to Delaware.",diversion; alternate route; deviation; bypass,Blue and White - Easy
detrimental,Causing harm or damage.,Eating nachos during a sit-up contest proved detrimental to both my performance and the gym's upholstery.,harmful; damaging; deleterious; adverse,Blue and White - Easy
didactic,"Intended to teach, sometimes too obviously or preachily.",The movie was so didactic that even the villain paused the chase to explain responsible recycling.,instructive; educational; moralizing; pedagogical,Blue and White - Easy
digression,A temporary departure from the main subject.,Grandpa's brief digression about lawn mowers lasted longer than the wedding ceremony.,aside; tangent; detour; deviation,Blue and White - Easy
diligent,Showing careful and persistent effort.,"The diligent squirrel moved every birdseed kernel one at a time, unlike me, who postponed unloading the dishwasher until Wednesday.",industrious; assiduous; hardworking; meticulous,Blue and White - Easy
diminish,"To make or become smaller, weaker, or less important.","My confidence diminished when the IKEA instructions introduced a symbol that appeared to mean ""summon another adult.""",reduce; lessen; decrease; wane,Blue and White - Easy
discord,Disagreement or lack of harmony.,Family discord erupted when someone claimed the superior pizza topping was anchovies.,conflict; disharmony; disagreement; strife,Blue and White - Easy
discredit,To harm the reputation of or prove something unworthy of belief.,The discovery of frosting on his sleeves discredited Ethan's claim that he had never seen the cake.,disgrace; invalidate; undermine; refute,Blue and White - Easy
disdain,A feeling that something is unworthy of respect.,The cat viewed generic tuna with the disdain of a food critic offered a damp napkin.,contempt; scorn; derision; disrespect,Blue and White - Easy
disgruntled,"Annoyed, dissatisfied, and resentful.","The disgruntled customer demanded a manager because his ""bottomless coffee"" had, technically, arrived in a cup with a bottom.",dissatisfied; annoyed; resentful; irritated,Blue and White - Easy
disparity,A noticeable and often unfair difference between things.,"There was a troubling disparity between my son's definition of ""clean room"" and every known public-health standard.",difference; inequality; imbalance; gap,Blue and White - Easy
disperse,To scatter or spread in different directions.,The crowd dispersed instantly when the organizer announced that cleanup volunteers were needed.,scatter; dissipate; spread; break up,Blue and White - Easy
disposition,A person's usual mood or temperament; also arrangement or placement.,The bulldog had a sunny disposition despite having the facial expression of an angry tax auditor.,temperament; nature; character; arrangement,Blue and White - Easy
disseminate,To spread information or ideas widely.,Grandma disseminated the family gossip with such efficiency that three cousins knew before the event had actually happened.,spread; circulate; distribute; broadcast,Blue and White - Easy
dissipate,"To scatter, disappear, or cause something to fade away.",My motivation to exercise dissipated the moment rain touched the window.,disperse; vanish; dissolve; fade,Blue and White - Easy
dissuade,To persuade someone not to do something.,"We tried to dissuade Uncle Bob from buying a unicycle, but the helmet had already arrived.",deter; discourage; talk out of; prevent,Blue and White - Easy
diversity,"A variety of different people, things, or qualities.",The buffet offered impressive diversity: twelve cuisines and one mysterious casserole nobody could geographically identify.,variety; range; multiplicity; difference,Blue and White - Easy
doctrine,A set of beliefs or principles taught or held by a group.,Dad's household doctrine is simple: never pay full price and never trust a printer.,creed; teaching; principle; dogma,Blue and White - Easy
document,To record information or evidence in detail; also a written record.,"My sister documented the dog's crimes with forty-seven photographs and a spreadsheet titled ""Sock Incidents.""",record; chronicle; register; evidence,Blue and White - Easy
dogmatic,Expressing beliefs as unquestionably true and refusing other views.,"My uncle is dogmatic about barbecue: there is one correct sauce, and apparently dissent is punishable by exile.",rigid; doctrinaire; inflexible; opinionated,Blue and White - Easy
dormant,Inactive for a period but capable of becoming active again.,My exercise routine has been dormant since January but remains theoretically alive.,inactive; sleeping; latent; quiescent,Blue and White - Easy
dour,"Stern, gloomy, and unfriendly in appearance or manner.",The dour waiter looked at our birthday hats as though happiness required a permit.,grim; stern; morose; gloomy,Blue and White - Easy
dubious,"Doubtful, questionable, or uncertain.","The dog's claim that ""the cat did it"" seemed dubious because the cat weighs eight pounds and the turkey weighed fifteen.",doubtful; questionable; suspicious; uncertain,Blue and White - Easy
eccentric,Unconventional or oddly distinctive in behavior.,"Our eccentric neighbor walks his pet duck in a stroller and refers to Tuesdays as ""formalwear day.""",quirky; unconventional; odd; peculiar,Blue and White - Easy
effervescent,"Lively, bubbly, and enthusiastic; also fizzy.",Her effervescent personality was so cheerful at 7 a.m. that several coworkers suspected witchcraft.,bubbly; lively; exuberant; sparkling,Blue and White - Easy
elicit (vs illicit),Elicit means to draw out a response; illicit means illegal or forbidden.,"The teacher tried to elicit an answer, not arrange an illicit shipment of algebra worksheets across state lines.",draw out; evoke; prompt; illicit=illegal,Blue and White - Easy
eloquent,"Fluent, persuasive, and graceful in expression.","The toddler gave an eloquent defense of eating cookies for breakfast, citing happiness, efficiency, and constitutional precedent.",expressive; articulate; persuasive; fluent,Blue and White - Easy
elucidate,To make something clear by explaining it.,"The mechanic elucidated the problem by saying, ""This part should not be smoking.""",explain; clarify; illuminate; interpret,Blue and White - Easy
elusive,"Difficult to find, catch, understand, or achieve.","A clean kitchen was elusive because every time I finished, another child appeared holding peanut butter.",evasive; hard-to-find; slippery; unattainable,Blue and White - Easy
embellish,"To decorate or add details, sometimes exaggerated ones.","Grandpa embellished the fishing story until the trout had a name, a college degree, and legal representation.",decorate; elaborate; exaggerate; adorn,Blue and White - Easy
embrace,To accept enthusiastically; also to hold someone closely.,I embraced minimalism by throwing away one magazine and then celebrating with three new storage baskets.,accept; adopt; welcome; hug,Blue and White - Easy
endorse,To publicly approve or support something.,The dog enthusiastically endorsed the new household policy permitting bacon on Sundays.,support; approve; recommend; back,Blue and White - Easy
endure,To suffer through or continue despite difficulty.,"I endured the six-hour recital with dignity, snacks, and a rapidly declining phone battery.",tolerate; withstand; survive; persist,Blue and White - Easy
engaging,"Interesting, charming, or pleasant enough to hold attention.",The professor was engaging enough to make tax law sound like a mildly dangerous adventure.,captivating; interesting; charming; appealing,Blue and White - Easy
engender,To cause or give rise to something.,"The phrase ""mandatory Saturday meeting"" engendered immediate sadness throughout the office.",cause; generate; produce; provoke,Blue and White - Easy
enhance,"To improve or increase the quality, value, or attractiveness of something.",A little parsley enhanced the soup; the plastic googly eyes did not.,improve; augment; enrich; strengthen,Blue and White - Easy
enlighten,To give someone greater knowledge or understanding.,My teenager enlightened me on current slang and then asked me never to use any of it publicly.,inform; educate; illuminate; instruct,Blue and White - Easy
entail,To involve something as a necessary result or requirement.,"Owning a puppy entails walks, vet bills, and accepting that one shoe will always be mysteriously damp.",involve; require; necessitate; imply,Blue and White - Easy
entangle,To twist together or involve in a complicated situation.,My headphones became entangled in my pocket with enough complexity to qualify as nautical rigging.,tangle; ensnare; involve; embroil,Blue and White - Easy
ephemeral,Lasting for a very short time.,My resolve to avoid dessert was ephemeral; it vanished when the crème brûlée arrived.,fleeting; transient; short-lived; momentary,Blue and White - Easy
erratic,Unpredictable and inconsistent in behavior or movement.,The squirrel's erratic path across the road resembled someone trying to choose a checkout line.,unpredictable; irregular; inconsistent; volatile,Blue and White - Easy
erudite,Having or showing extensive knowledge.,"The erudite professor quoted Plato, Shakespeare, and, unexpectedly, a 1980s cereal commercial.",learned; scholarly; knowledgeable; educated,Blue and White - Easy
esoteric,Intended for or understood by only a small group with specialized knowledge.,The board game's rules were so esoteric that the inventor had to call his mother for clarification.,obscure; arcane; specialized; abstruse,Blue and White - Easy
esteem,Respect and admiration; to regard highly.,"I hold Grandma in great esteem, particularly when she is standing near a tray of brownies.",respect; regard; admiration; honor,Blue and White - Easy
estrange,To cause someone to become distant or unfriendly.,Serving decaf without warning may estrange you from certain members of my family permanently.,alienate; separate; distance; isolate,Blue and White - Easy
exclude,To leave someone or something out.,"The club excluded anyone unwilling to wear the ceremonial lobster hat, which dramatically reduced membership.",omit; bar; eliminate; shut out,Blue and White - Easy
exonerate,To clear someone from blame or guilt.,The security camera exonerated the toddler and revealed that Grandpa had eaten the missing cupcake.,absolve; acquit; vindicate; clear,Blue and White - Easy
expedite,To make a process happen faster.,Offering pizza expedited the meeting more effectively than any management consultant in company history.,accelerate; hasten; speed; facilitate,Blue and White - Easy
explicit,"Clearly and directly stated, leaving no ambiguity.","Mom's instructions were explicit: ""Do not put the hamster in the dishwasher,"" a sentence she had not expected to need.",clear; definite; specific; unambiguous,Blue and White - Easy
extol,To praise enthusiastically and highly.,Grandpa extolled the virtues of his new recliner as though it had won a Nobel Prize.,praise; laud; acclaim; glorify,Blue and White - Easy
extravagant,Spending or using more than is necessary; excessively elaborate.,"The extravagant birthday cake had six tiers, edible gold, and its own lighting technician.",lavish; excessive; opulent; wasteful,Blue and White - Easy
extricate,To free someone or something from a difficult or tangled situation.,We extricated Dad from the folding lawn chair after first agreeing never to discuss the incident again.,free; disentangle; release; rescue,Blue and White - Easy
facilitate,To make an action or process easier.,"The teacher used snacks to facilitate discussion, accidentally proving that granola bars can improve democracy.",ease; assist; enable; expedite,Blue and White - Easy
fastidious,"Very careful about cleanliness, detail, or correctness.",The fastidious cat refused to drink from his bowl because one hair was floating in it—his own.,meticulous; particular; fussy; exacting,Blue and White - Easy
fertile,Able to produce abundant crops or offspring; productive in ideas.,My nephew has a fertile imagination in which every missing sock is evidence of an underground civilization.,productive; fruitful; rich; fecund,Blue and White - Easy
fervor,Intense passion or enthusiasm.,Dad defended his preferred brand of charcoal with the fervor of a revolutionary pamphleteer.,zeal; passion; ardor; enthusiasm,Blue and White - Easy
finesse,Skillful handling of a delicate situation.,"With impressive finesse, Grandma changed the subject just before Uncle Ted began discussing politics at Thanksgiving.",tact; skill; delicacy; dexterity,Blue and White - Easy
flagrant,Obviously and shockingly wrong or offensive.,The dog's flagrant theft of the sandwich occurred in full view of six witnesses and one security camera.,glaring; blatant; egregious; outrageous,Blue and White - Easy
flourish,To grow or develop successfully; to thrive.,"The basil flourished after I stopped ""helping"" it and let Grandma take over.",thrive; prosper; bloom; develop,Blue and White - Easy
fortuitous,"Happening by chance, often with a fortunate result.",It was fortuitous that I missed my train because the next platform had a doughnut shop.,accidental; chance; serendipitous; unexpected,Blue and White - Easy
fortunate,Lucky or favored by good circumstances.,I was fortunate to find my lost wallet before the dog discovered its leather-based culinary potential.,lucky; blessed; favorable; auspicious,Blue and White - Easy
frail,"Physically weak, delicate, or easily damaged.",The frail antique chair survived 120 years and then met my cousin after Thanksgiving dinner.,delicate; weak; fragile; feeble,Blue and White - Easy
frank,"Open, honest, and direct.","The doctor was frank: ""You need more exercise, and carrying snacks upstairs does not count.""",candid; direct; honest; forthright,Blue and White - Easy
fundamental,"Basic, essential, or forming a necessary foundation.",A fundamental rule of family travel is that someone will need the bathroom five minutes after departure.,basic; essential; foundational; primary,Blue and White - Easy
garner,"To gather, earn, or collect.",The puppy garnered more applause for sneezing than I did for completing my entire presentation.,gather; collect; earn; acquire,Blue and White - Easy
giddy,Dizzy or wildly excited.,"I became giddy when the waiter said ""unlimited breadsticks,"" which may reveal too much about my ambitions.",dizzy; exhilarated; gleeful; lightheaded,Blue and White - Easy
gouge,To dig or cut deeply; also to charge an unfairly high price.,"The stadium gouged me twelve dollars for water, so I briefly considered drinking from the decorative fountain.",scoop; carve; overcharge; extort,Blue and White - Easy
grant,To give or formally allow something requested.,"After lengthy negotiations, Mom granted the children permission to stay up an extra eleven minutes.",bestow; allow; confer; award,Blue and White - Easy
graphic,"Vividly detailed, especially in a way that is striking or disturbing; also visual.",Grandpa gave a graphic description of his knee surgery just as the appetizers arrived.,vivid; explicit; visual; detailed,Blue and White - Easy
gratify,To satisfy or please a desire or person.,"It gratified me enormously when the cat finally chose my lap, until I realized I was sitting beside the tuna.",please; satisfy; delight; fulfill,Blue and White - Easy
gratifying,"Giving pleasure, satisfaction, or a sense of achievement.","It was gratifying to finish the puzzle, especially after three days of accusing the manufacturer of hiding a piece.",satisfying; rewarding; pleasing; fulfilling,Blue and White - Easy
gregarious,Sociable and fond of company.,The gregarious golden retriever greeted every person at the park as a long-lost business partner.,sociable; outgoing; convivial; friendly,Blue and White - Easy
gullible,Too easily persuaded to believe something.,My gullible cousin believed me when I said the elevator required a password and spent five minutes guessing.,credulous; naive; trusting; unsuspecting,Blue and White - Easy
hamper,To hinder or obstruct progress.,My attempt to cook dinner was hampered by the smoke alarm's relentless criticism.,hinder; impede; obstruct; restrict,Blue and White - Easy
hedonism,The belief that pleasure is a primary or important goal of life.,"My weekend hedonism consisted of pancakes, pajamas, and refusing to acknowledge the existence of errands.",pleasure-seeking; indulgence; sensualism; self-indulgence,Blue and White - Easy
hilarity,Boisterous laughter or great amusement.,Hilarity erupted when Dad discovered he had worn one slipper and one dress shoe to the restaurant.,laughter; merriment; amusement; mirth,Blue and White - Easy
hinder,To make progress difficult or slow.,The toddler hindered our packing by removing every item from the suitcase as soon as we put it in.,hamper; impede; obstruct; delay,Blue and White - Easy
homogenous,Of the same kind or type throughout; often used similarly to homogeneous.,The committee was so homogenous that all six members arrived wearing nearly identical blue sweaters.,uniform; alike; similar; homogeneous,Blue and White - Easy
humble,Modest about one's importance or ability; not grand or luxurious.,"Despite winning the spelling bee, Maya remained humble and only wore her medal to breakfast, lunch, and dinner.",modest; unassuming; meek; simple,Blue and White - Easy
humility,A modest view of one's own importance or abilities.,Dad showed admirable humility by admitting the GPS had been right for the first 173 miles.,modesty; humbleness; meekness; unpretentiousness,Blue and White - Easy
husband,To use or manage resources carefully and economically.,Grandpa husbands paper towels so carefully that one sheet can apparently survive an entire weekend.,conserve; economize; preserve; manage,Blue and White - Easy
hypocrite,A person who claims moral standards or beliefs that their own behavior contradicts.,My brother called me a hypocrite for banning snacks in the car while eating pretzels at a red light.,phony; pretender; dissembler; sanctimonious person,Blue and White - Easy
hypothesis,A proposed explanation that can be tested or investigated.,My hypothesis was that the dog ate the homework; the shredded algebra sheet in his bed strengthened the theory.,theory; proposition; assumption; conjecture,Blue and White - Easy
illicit,"Illegal, forbidden, or not permitted.",The children operated an illicit candy exchange behind the sofa with pricing sophisticated enough to alarm economists.,illegal; unlawful; forbidden; prohibited,Blue and White - Easy
illuminate,To light up; to make something clearer or easier to understand.,"The flashlight illuminated the basement and, unfortunately, the enormous spider we had been happier not understanding.",light; clarify; enlighten; explain,Blue and White - Easy
impartial,Fair and not favoring one side over another.,"We chose Grandma as an impartial judge of the pie contest, forgetting that she had baked one of the pies.",unbiased; neutral; objective; disinterested,Blue and White - Easy
impede,"To slow, block, or obstruct progress.",My progress down the hallway was impeded by a cat lying sideways with the confidence of a fallen tree.,hinder; obstruct; hamper; delay,Blue and White - Easy
imperturbable,"Unable to be upset, disturbed, or excited easily.",The imperturbable flight attendant smiled calmly while a passenger tried to store a cello in the overhead bin.,unflappable; calm; composed; serene,Blue and White - Easy
impose,To force something unwelcome or burdensome on someone.,Uncle Ted imposed his vacation slideshow on us with the grim efficiency of a tax audit.,force; inflict; levy; burden,Blue and White - Easy
impulsive,Acting suddenly without careful thought.,"In an impulsive moment, I bought a kayak despite living nowhere near water.",rash; impetuous; spontaneous; hasty,Blue and White - Easy
inception,The beginning or starting point of something.,"From its inception, the family group chat was doomed by Grandpa discovering GIFs.",beginning; origin; commencement; outset,Blue and White - Easy
inclination,"A tendency, preference, or slope.","My natural inclination is to exercise in the morning, provided ""exercise"" means turning over and ""morning"" means noon.",tendency; preference; leaning; propensity,Blue and White - Easy
inclusive,Including a wide range of people or things and not excluding relevant groups.,"The picnic was inclusive: children, grandparents, dogs, and one squirrel who contributed nothing financially.",all-embracing; comprehensive; welcoming; broad,Blue and White - Easy
incongruous,Out of place or not matching its surroundings.,"The pink flamingo looked incongruous in the solemn boardroom, especially because someone had given it a tie.",incompatible; inappropriate; mismatched; discordant,Blue and White - Easy
incorporate,To include something as part of a whole.,I incorporated vegetables into dinner by putting one parsley leaf beside the pizza.,include; integrate; combine; assimilate,Blue and White - Easy
indefatigable,Unable to be tired out; persistently energetic.,"The indefatigable toddler asked ""why?"" for three straight hours while every adult visibly aged.",tireless; persistent; unwearying; energetic,Blue and White - Easy
indifferent,"Having no particular interest, sympathy, or preference.","The cat was indifferent to my apology, my explanation, and apparently my continued residence in the house.",unconcerned; apathetic; neutral; detached,Blue and White - Easy
indigenous,Originating naturally in a particular place; native.,The guide explained which plants were indigenous while I nodded respectfully beside a shrub I had mistaken for poison ivy.,native; local; original; aboriginal,Blue and White - Easy
induce,To cause or persuade something to happen.,The smell of cinnamon rolls induced me to abandon my diet with remarkable scientific consistency.,cause; bring about; persuade; prompt,Blue and White - Easy
indulge,"To allow oneself or another to enjoy a pleasure, often excessively.","I indulged in one small dessert, followed by three equally small desserts standing very close together.",treat; pamper; gratify; spoil,Blue and White - Easy
inept,Lacking skill or ability.,My inept attempt to fix the faucet improved nothing except the kitchen's resemblance to a water park.,incompetent; clumsy; unskilled; maladroit,Blue and White - Easy
inevitable,Certain to happen; unavoidable.,"Once Grandpa said, ""I don't need the instructions,"" disaster became inevitable.",unavoidable; certain; inescapable; assured,Blue and White - Easy
infamous,Well known for something bad or disgraceful.,The cafeteria became infamous for a mystery casserole that could allegedly remove paint.,notorious; disreputable; scandalous; notorious,Blue and White - Easy
inhibit,"To restrain, prevent, or slow down an action or process.",Nothing inhibits dancing like realizing the curtains are open and the neighbors are applauding.,restrain; hinder; suppress; impede,Blue and White - Easy
initiate,To begin a process or cause something to start.,The dog initiated negotiations by dropping the stolen sock at my feet and demanding cheese.,begin; launch; commence; instigate,Blue and White - Easy
innate,Existing naturally from birth rather than learned.,My niece has an innate ability to locate hidden candy with the precision of military radar.,inborn; inherent; natural; instinctive,Blue and White - Easy
innocuous,Harmless and unlikely to cause offense or damage.,The innocuous-looking button turned out to activate the office sprinkler system.,harmless; benign; safe; inoffensive,Blue and White - Easy
innovative,"Introducing new ideas, methods, or designs.",My son's innovative method of cleaning his room involved moving everything into the hallway.,inventive; original; creative; pioneering,Blue and White - Easy
inquisitive,Curious and eager to learn or ask questions.,"The inquisitive child asked the museum guide seventeen questions, nine of which involved whether dinosaurs could drive.",curious; questioning; probing; interested,Blue and White - Easy
intermittent,Occurring at irregular intervals rather than continuously.,"The Wi-Fi was intermittent, working only when nobody urgently needed it.",periodic; sporadic; occasional; irregular,Blue and White - Easy
intricate,"Very detailed, complex, or complicated.",The intricate birthday cake had sugar flowers so realistic that a bee attempted a reservation.,complex; elaborate; detailed; involved,Blue and White - Easy
kindle,"To start a fire; figuratively, to awaken or inspire a feeling.",The documentary kindled my interest in astronomy and my sudden desire to buy an unnecessarily powerful telescope.,ignite; inspire; arouse; spark,Blue and White - Easy
languor,A pleasant or weary lack of energy; sluggishness.,Sunday-afternoon languor settled over the family so completely that even the dog yawned before barking.,lethargy; sluggishness; lassitude; torpor,Blue and White - Easy
lavish,"Very generous, abundant, or luxurious; to give in large amounts.","Grandma lavished praise on my casserole, which was suspicious because she immediately ordered pizza.",extravagant; abundant; sumptuous; bestow,Blue and White - Easy
lenient,Not strict or severe in punishment or rules.,"The lenient referee allowed one do-over, two warnings, and apparently a brief snack break during the penalty kick.",merciful; tolerant; permissive; mild,Blue and White - Easy
levity,Humor or lightness in a serious situation.,"The surgeon introduced levity by saying, ""Good news: I definitely watched the tutorial twice.""",humor; lightheartedness; mirth; frivolity,Blue and White - Easy
linger,To remain somewhere longer than expected or be slow to disappear.,The smell of burnt popcorn lingered for so long that it seemed to acquire voting rights.,remain; stay; persist; loiter,Blue and White - Easy
lithe,"Gracefully thin, flexible, and easily moving.",The lithe gymnast folded into a pretzel while I injured myself attempting to touch one sock.,supple; graceful; flexible; limber,Blue and White - Easy
loathe,To hate intensely.,I loathe alarm clocks because they begin every conversation by shouting.,abhor; detest; despise; hate,Blue and White - Easy
lucid,Clear and easy to understand; mentally clear.,"The instructions were finally lucid after Grandma translated them from ""manufacturer"" into English.",clear; intelligible; coherent; understandable,Blue and White - Easy
meek,"Quiet, gentle, and not assertive.",The meek rabbit looked harmless until someone approached his carrot.,gentle; submissive; mild; humble,Blue and White - Easy
melancholy,"A deep, thoughtful sadness.",A strange melancholy came over Dad when he found his old cassette tapes and realized nobody knew what they were.,sadness; gloom; wistfulness; sorrow,Blue and White - Easy
meticulous,Extremely careful about small details.,"The meticulous baker measured every ingredient precisely, then screamed when I eyeballed the vanilla.",exacting; fastidious; painstaking; precise,Blue and White - Easy
mingle,To mix or socialize with others.,"At the party, I mingled confidently until I realized I had been talking to the coat rack.",mix; socialize; blend; circulate,Blue and White - Easy
misanthrope,A person who dislikes or distrusts humanity.,"The neighborhood misanthrope installed a welcome mat reading, ""Please Reconsider.""",cynic; recluse; people-hater; curmudgeon,Blue and White - Easy
miser,A person who hoards money and hates spending it.,The miser reused birthday candles so long that the number 7 had celebrated four different decades.,cheapskate; skinflint; hoarder; penny-pincher,Blue and White - Easy
mitigate,"To make something less severe, harmful, or painful.",We mitigated the long meeting by placing doughnuts near the exit.,lessen; alleviate; reduce; moderate,Blue and White - Easy
moderate,Not extreme; to make something less intense or to oversee a discussion.,I tried to moderate my caffeine intake by drinking coffee from a slightly smaller bucket.,temper; lessen; regulate; reasonable,Blue and White - Easy
modest,Not boastful; limited or moderate in size or amount.,"He made the modest claim that his chili was ""pretty good,"" then displayed three trophies and a newspaper clipping.",humble; unassuming; moderate; restrained,Blue and White - Easy
monotony,Tedious sameness or lack of variety.,The monotony of folding laundry was broken when I discovered a sock that belonged to nobody in the family.,repetition; sameness; tedium; uniformity,Blue and White - Easy
morose,"Gloomy, sullen, and ill-tempered.",The morose teenager stared at breakfast as though the pancakes had personally disappointed him.,gloomy; sullen; dour; melancholy,Blue and White - Easy
munificent,"Extremely generous, especially with money or gifts.",Our munificent aunt gave every child a generous check and every parent a terrifyingly loud toy.,generous; lavish; bountiful; liberal,Blue and White - Easy
myth,"A traditional story, or a widely held but false belief.",The myth that cats are independent collapses whenever I close the bathroom door.,legend; fable; misconception; folklore,Blue and White - Easy
nefarious,"Wicked, criminal, or evil.","The toddler's nefarious plan involved a permanent marker, a sleeping father, and suspicious silence.",wicked; villainous; evil; sinister,Blue and White - Easy
novel,"New, original, or unusual; also a long work of fiction.",Her novel solution to the broken umbrella was to wear the trash bag and carry the umbrella for emotional support.,original; new; innovative; unusual,Blue and White - Easy
nullify,To cancel something's effect or make it legally invalid.,The extra hour at the gym was nullified by the milkshake I purchased on the walk home.,cancel; invalidate; negate; void,Blue and White - Easy
obscure,"Not well known, hard to understand, or hidden from view.",The professor cited an obscure philosopher whose complete works apparently fit on one missing napkin.,unknown; unclear; hidden; arcane,Blue and White - Easy
opaque,Not transparent; difficult to understand.,"The contract was so opaque that the sentence defining ""simple cancellation"" occupied two pages.",cloudy; nontransparent; obscure; unclear,Blue and White - Easy
opportune,Occurring at a particularly suitable or convenient time.,The power outage was opportune because it interrupted Dad exactly as his vacation slideshow reached slide 213.,timely; advantageous; favorable; convenient,Blue and White - Easy
optimistic,Expecting good things to happen.,"The optimistic camper packed sunscreen despite a forecast featuring rain, hail, and something called ""localized frogs.""",hopeful; positive; sanguine; confident,Blue and White - Easy
orthodox,Following traditional or established beliefs and practices.,"Grandma's orthodox method of making pie does not recognize ""protein powder crust"" as a legitimate innovation.",traditional; conventional; established; conservative,Blue and White - Easy
pacifist,A person who opposes war and violence.,The committed pacifist refused to fight over the last cookie and instead negotiated for half plus frosting rights.,peace-lover; noncombatant; peacemaker; antiwar advocate,Blue and White - Easy
painstaking,Done with extreme care and effort.,"After painstakingly arranging the cupcakes by color, I watched a toddler reorganize them by ""licked"" and ""not yet licked.""",meticulous; careful; thorough; laborious,Blue and White - Easy
parody,A humorous imitation that exaggerates features of the original.,My brother's parody of Dad's morning routine included reading imaginary headlines and complaining about the thermostat.,spoof; satire; imitation; send-up,Blue and White - Easy
partisan,"Strongly supporting one side, group, or party.",The partisan referee insisted his son's team had never committed a foul in recorded history.,biased; one-sided; devoted; factional,Blue and White - Easy
paucity,A small or insufficient amount.,The paucity of snacks at the meeting caused unrest before the agenda reached item two.,scarcity; dearth; shortage; lack,Blue and White - Easy
perceptive,Quick to notice and understand things.,"The perceptive toddler noticed that ""maybe later"" sounded suspiciously like ""never.""",insightful; observant; discerning; astute,Blue and White - Easy
peripheral,On or near the outer edge; secondary rather than central.,"The dessert menu was supposedly peripheral to dinner, but everyone knew it was the real agenda.",outer; marginal; secondary; incidental,Blue and White - Easy
pessimism,The tendency to expect bad outcomes.,My pessimism about assembling the desk was confirmed when Step One required a tool I had never seen.,negativity; gloom; cynicism; defeatism,Blue and White - Easy
pivotal,Crucially important to what happens next.,The pivotal moment in the game came when Grandma put on her reading glasses and started keeping score properly.,crucial; central; decisive; critical,Blue and White - Easy
plagiarism,Presenting someone else's words or ideas as your own without credit.,"His plagiarism was obvious because the fifth-grade essay suddenly contained the phrase ""postindustrial socioeconomic paradigm.""",copying; theft; appropriation; piracy,Blue and White - Easy
platitude,"A dull, overused statement presented as meaningful.","The coach's platitude ""give 110 percent"" confused the math team more than it inspired them.",cliché; truism; commonplace; bromide,Blue and White - Easy
plethora,A very large or excessive amount.,"We own a plethora of reusable water bottles, none of which can be found when someone is thirsty.",abundance; excess; profusion; multitude,Blue and White - Easy
prestige,High respect or status earned through success or reputation.,"The restaurant gained prestige after a celebrity ate there, though he had actually stopped only to use the restroom.",status; distinction; esteem; renown,Blue and White - Easy
presumptuous,"Too bold in assuming privilege, authority, or familiarity.",It was presumptuous of the raccoon to take my sandwich and then inspect the chips for a better flavor.,audacious; forward; arrogant; overconfident,Blue and White - Easy
prevalent,Common or widespread in a particular place or time.,Matching fleece vests were so prevalent at the conference that I briefly thought they were uniforms.,common; widespread; pervasive; frequent,Blue and White - Easy
proclivity,A natural tendency or strong inclination.,My dog has a proclivity for stealing socks specifically when guests are present.,tendency; inclination; propensity; penchant,Blue and White - Easy
proficient,Skilled and competent at doing something.,"After three lessons, I became proficient at piano in the narrow sense that I could locate the piano.",skilled; adept; capable; expert,Blue and White - Easy
profuse,Abundant or produced in large amounts.,"Dad offered profuse apologies after discovering that the ""quiet setting"" on the leaf blower did not exist.",abundant; copious; lavish; plentiful,Blue and White - Easy
profusion,An abundance or very large quantity.,The garden exploded in a profusion of flowers and one zucchini apparently large enough to attend college.,abundance; plethora; plenty; mass,Blue and White - Easy
proliferate,To increase or spread rapidly.,Charging cables proliferated in our junk drawer until scientists may need to classify them as a new ecosystem.,multiply; spread; expand; burgeon,Blue and White - Easy
prolific,"Producing many works, results, or offspring.",The prolific author wrote six novels in a year; I completed two emails and needed a nap.,productive; abundant; fertile; fruitful,Blue and White - Easy
prominent,"Important, well known, or easily noticeable.","The mayor was prominent in the photograph, although the llama beside him received considerably more attention.",notable; distinguished; conspicuous; leading,Blue and White - Easy
propensity,A natural tendency or inclination.,"My uncle has a propensity to begin stories with ""This won't take long"" shortly before everyone misses dinner.",tendency; inclination; proclivity; disposition,Blue and White - Easy
prosperity,"A state of wealth, success, or flourishing.",The lemonade stand entered a period of prosperity after the children began selling coffee to exhausted parents.,wealth; success; affluence; flourishing,Blue and White - Easy
provocative,"Likely to cause thought, reaction, anger, or controversy.",The provocative cafeteria proposal suggested replacing Friday pizza with steamed turnips and immediately united the student body.,stimulating; controversial; inflammatory; challenging,Blue and White - Easy
provoke,"To cause a reaction, especially anger or action.",Nothing provokes the cat like moving him two inches from the exact chair he selected.,incite; trigger; irritate; stimulate,Blue and White - Easy
pugnacious,Eager or quick to argue or fight.,The pugnacious Chihuahua challenged a Great Dane whose head was larger than his entire strategic planning department.,combative; belligerent; quarrelsome; aggressive,Blue and White - Easy
pulverize,To crush or grind into powder or tiny pieces.,"The blender pulverized the ice, the strawberries, and one spoon I would rather not discuss.",crush; grind; smash; demolish,Blue and White - Easy
puny,"Small, weak, or unimpressive.",The puny umbrella surrendered to the wind after one gust and attempted to emigrate across the parking lot.,weak; tiny; feeble; insignificant,Blue and White - Easy
qualified,Having the necessary skills; or limited by conditions or reservations.,"I gave qualified approval to the camping trip: yes, provided there were beds, plumbing, walls, and no actual camping.",competent; eligible; conditional; limited,Blue and White - Easy
querulous,Frequently complaining in a whining or irritated way.,"The querulous passenger complained about the seat, the air, the snacks, and the suspicious enthusiasm of the flight attendant.",complaining; whining; peevish; fretful,Blue and White - Easy
quiescence,"A state of inactivity, stillness, or dormancy.","After the birthday party, the house entered blessed quiescence and even the balloons seemed exhausted.",stillness; dormancy; inactivity; repose,Blue and White - Easy
quixotic,"Extremely idealistic, impractical, or unrealistic.","His quixotic plan to eliminate traffic involved giving everyone a horse and making Tuesdays ""no roads day.""",idealistic; impractical; romantic; visionary,Blue and White - Easy
radical,Extreme or fundamental in nature; favoring major change.,My radical proposal to the family was that everyone put dirty dishes directly into the dishwasher.,extreme; revolutionary; fundamental; sweeping,Blue and White - Easy
rash,Acting without enough thought; also a skin eruption.,"Buying a pet goat after watching one cute video was rash, and unfortunately unrelated to the rash I got from the hay.",reckless; impulsive; hasty; eruption,Blue and White - Easy
ratify,To formally approve an agreement or decision.,The siblings ratified the peace treaty after both sides received equal access to the blue cup.,approve; confirm; endorse; validate,Blue and White - Easy
rebuff,To reject someone or something sharply.,The cat rebuffed my affectionate greeting and accepted the tuna without acknowledging me.,reject; snub; refuse; repel,Blue and White - Easy
reckless,Careless about danger or consequences.,It was reckless to give Grandpa the leaf blower before explaining that it had a turbo button.,rash; careless; foolhardy; irresponsible,Blue and White - Easy
recluse,A person who avoids other people and lives in seclusion.,Our neighborhood recluse attends only one annual event: the meeting where he asks everyone to have fewer events.,hermit; loner; solitary; introvert,Blue and White - Easy
rectify,To correct or put right.,We rectified the seating-chart error by moving Uncle Bob far away from the microphone.,correct; remedy; fix; redress,Blue and White - Easy
recuperate,To recover strength or health after illness or exertion.,"After carrying groceries up three flights, I needed to recuperate with water, a snack, and unreasonable praise.",recover; convalesce; regain strength; heal,Blue and White - Easy
refined,"Elegant, polished, or improved by removing impurities.",Her manners were refined enough for a royal banquet until someone served corn on the cob.,polished; cultured; purified; sophisticated,Blue and White - Easy
refute,To prove a statement or argument false.,"The empty cookie jar refuted my brother's claim that he had merely ""inspected"" the cookies.",disprove; rebut; contradict; invalidate,Blue and White - Easy
reiterate,To say something again for emphasis or clarity.,"Mom reiterated that the sofa was not a trampoline, apparently addressing a difficult legal ambiguity.",repeat; restate; reaffirm; emphasize,Blue and White - Easy
relevant,Closely connected to the matter being discussed.,"The judge asked for relevant evidence, so Grandpa's story about a 1974 fishing trip was gently removed from the record.",pertinent; applicable; germane; related,Blue and White - Easy
relish,To enjoy greatly; also a condiment made from chopped vegetables or fruit.,I relished winning the argument almost as much as Grandpa relished putting actual relish on foods that did not request it.,enjoy; savor; delight in; appreciate,Blue and White - Easy
render,To cause something to become; to provide or give.,One spilled smoothie rendered the kitchen floor both purple and legally slippery.,make; provide; cause; deliver,Blue and White - Easy
replete,Completely filled or well supplied with something.,"The garage was replete with tools, boxes, and at least four objects Dad described as ""important someday.""",full; filled; abundant; stocked,Blue and White - Easy
rescind,To officially cancel or withdraw something.,"Mom rescinded permission for the sleepover after hearing the phrase ""indoor water-balloon tournament.""",revoke; cancel; withdraw; repeal,Blue and White - Easy
resent,To feel bitter or angry about unfair treatment.,The dog resented the new puppy for receiving praise merely for being small and confused.,begrudge; dislike; feel bitter; take offense,Blue and White - Easy
reserved,Quiet and restrained in manner; also set aside for a particular person or purpose.,The usually reserved librarian became unexpectedly expressive when someone returned a book with spaghetti inside it.,reticent; restrained; shy; set aside,Blue and White - Easy
restraint,Self-control or a restriction that limits action.,I showed impressive restraint at the buffet by taking only one dessert per trip.,self-control; moderation; restriction; constraint,Blue and White - Easy
retain,To keep possession of or continue to have something.,Grandpa retains every receipt because one from 1987 may apparently become crucial at any moment.,keep; preserve; maintain; hold,Blue and White - Easy
retention,The act or ability of keeping or remembering something.,"My retention of historical dates is poor, but I can remember exactly who ate my dessert in 2019.",memory; preservation; keeping; maintenance,Blue and White - Easy
revere,To deeply respect and honor.,"My family reveres Grandma's lasagna recipe, and unauthorized substitutions are treated as theological disputes.",venerate; honor; esteem; worship,Blue and White - Easy
reverence,Deep respect or awe.,Dad handles his new grill with the reverence normally reserved for ancient sacred objects.,respect; veneration; awe; devotion,Blue and White - Easy
revise,To change or edit in order to improve or correct.,"I revised my plan from ""build bookshelf alone"" to ""call someone who understands screws.""",edit; amend; modify; correct,Blue and White - Easy
rotund,"Round or plump in shape; sometimes used of a full, rich voice.",The rotund pumpkin looked proud of itself until Halloween introduced carving tools.,round; plump; portly; spherical,Blue and White - Easy
rue,To bitterly regret something.,I rued the decision to give the toddler a drum five minutes before a three-hour car ride.,regret; lament; repent; deplore,Blue and White - Easy
savory,Pleasantly salty or spicy rather than sweet; appealing in taste or smell.,"The savory smell of garlic bread drifted through the house and destroyed everyone's commitment to ""just a salad.""",flavorful; appetizing; piquant; tasty,Blue and White - Easy
score,Twenty; also a number of points or a written musical composition.,"A score of cupcakes arrived for the party, which sounds dignified until you realize it means twenty cupcakes and I ate four.",twenty; tally; points; result,Blue and White - Easy
sect,"A subgroup within a larger religious, political, or philosophical group.",The tiny gardening sect believed tomatoes should be spoken to daily and cucumbers only on weekends.,faction; denomination; group; branch,Blue and White - Easy
serene,"Calm, peaceful, and untroubled.",The lake was serene until Dad inflated a giant flamingo and attempted to board it gracefully.,calm; tranquil; peaceful; placid,Blue and White - Easy
serenity,A state of calm and peacefulness.,"My morning serenity lasted until someone yelled, ""Where is the hamster?""",peace; tranquility; calm; placidity,Blue and White - Easy
servile,Excessively eager to obey or please in a degrading way.,"The servile assistant laughed at every joke the boss made, including one that was clearly just a sneeze.",submissive; obsequious; fawning; slavish,Blue and White - Easy
sever,To cut off or separate completely.,The gardener severed the vine; my son severed diplomatic relations with peas after dinner.,cut; detach; separate; divide,Blue and White - Easy
severity,"The degree to which something is harsh, serious, or intense.",The severity of the storm became clear when even the Labrador refused to go outside.,harshness; seriousness; intensity; rigor,Blue and White - Easy
skeptical,Not easily convinced; inclined to doubt.,"I was skeptical when the eight-year-old claimed he had cleaned his room ""using a revolutionary new method.""",doubtful; unconvinced; suspicious; questioning,Blue and White - Easy
sloth,Laziness or reluctance to work; also a slow-moving tree-dwelling mammal.,My Sunday sloth was so complete that the actual sloth documentary began to feel judgmental.,laziness; indolence; idleness; lethargy,Blue and White - Easy
sluggish,"Moving, reacting, or working slowly.","My brain was sluggish before coffee, responding to simple questions with what appeared to be dial-up noises.",slow; lethargic; torpid; languid,Blue and White - Easy
snare,A trap; to catch or entangle.,The dog was snared by his own leash after circling a tree with tremendous enthusiasm and no strategic planning.,trap; entangle; capture; ensnare,Blue and White - Easy
soothe,"To calm, comfort, or reduce pain or distress.","Grandma soothed the crying toddler with a cookie, proving once again that psychology sometimes comes with chocolate chips.",calm; comfort; relieve; pacify,Blue and White - Easy
sparse,Thinly scattered or present in small amounts.,"The audience was sparse: three parents, one janitor, and a man who had entered looking for the restroom.",scant; thin; meager; scattered,Blue and White - Easy
spectator,A person who watches an event rather than participating.,I remained a spectator during the family soccer game because someone needed to protect the potato salad.,observer; onlooker; viewer; witness,Blue and White - Easy
spontaneous,Happening suddenly without advance planning.,Our spontaneous road trip began when Dad missed the exit and refused to admit it.,unplanned; impulsive; impromptu; sudden,Blue and White - Easy
squalor,"Extreme dirtiness, neglect, or unpleasant living conditions.","After the teenagers' weekend alone, the kitchen had descended into a level of squalor normally studied by archaeologists.",filth; degradation; misery; dirt,Blue and White - Easy
squander,To waste something valuable recklessly.,"I squandered my free afternoon by watching one short video, then looking up to discover it was dark outside.",waste; fritter away; dissipate; misuse,Blue and White - Easy
stagnate,"To stop developing, progressing, or moving.",My language skills stagnated after I decided subtitles counted as studying.,stall; languish; cease developing; idle,Blue and White - Easy
steadfast,"Firm, loyal, and unwavering.",The dog remained steadfast beside the oven from the moment the roast went in until the final crumb disappeared.,loyal; resolute; unwavering; constant,Blue and White - Easy
straightforward,"Simple, clear, honest, and easy to understand.","The instructions claimed assembly was straightforward, which was an interesting thing to say beside 147 screws.",simple; direct; candid; uncomplicated,Blue and White - Easy
substantial,"Large, important, or considerable in amount or value.","We ordered a substantial breakfast, meaning the table briefly became invisible beneath pancakes.",considerable; significant; sizable; solid,Blue and White - Easy
subtle,Not obvious; delicate or difficult to notice.,Dad's subtle hint that it was time to leave consisted of putting on his coat and jingling the car keys directly beside my ear.,delicate; understated; faint; nuanced,Blue and White - Easy
succinct,Brief and clearly expressed.,"The mechanic's succinct diagnosis was, ""Engine bad. Wallet sad.""",concise; brief; terse; compact,Blue and White - Easy
suffrage,The right to vote in political elections.,The history lesson on suffrage was serious until someone asked whether dogs should vote and half the class formed a campaign committee.,voting rights; franchise; vote; enfranchisement,Blue and White - Easy
superficial,Concerned only with the surface; shallow or not thorough.,My superficial cleaning strategy involved pushing everything under the bed and turning off the light.,shallow; cursory; surface-level; perfunctory,Blue and White - Easy
superfluous,More than necessary; unnecessary.,"The third chandelier in the bathroom seemed superfluous, though the decorator strongly disagreed.",unnecessary; excessive; redundant; needless,Blue and White - Easy
supplement,Something added to complete or improve something else; to add to.,"I supplemented my healthy salad with fries, bread, and a dessert that required its own plate.",addition; complement; augment; enhance,Blue and White - Easy
suppress,"To stop, restrain, or prevent something from being expressed or spread.",I tried to suppress my laughter when Dad's chair made a trumpet noise during the silent ceremony.,stifle; restrain; subdue; inhibit,Blue and White - Easy
sustain,"To support, maintain, or keep something going.",Coffee sustained the committee through a meeting that could easily have been a three-sentence email.,maintain; support; uphold; continue,Blue and White - Easy
sycophant,A person who flatters powerful people to gain advantage.,"The office sycophant called the boss's terrible karaoke ""a bold reinterpretation of melody.""",flatterer; toady; yes-man; fawner,Blue and White - Easy
synthesis,The combination of separate ideas or elements into a unified whole.,"My dinner was a synthesis of Italian cuisine, leftovers, and one decision I now regret involving barbecue sauce.",combination; integration; fusion; amalgamation,Blue and White - Easy
taciturn,Usually quiet and saying very little.,"The taciturn farmer answered my five-minute question with ""Yep,"" then returned to fixing the fence.",quiet; reserved; laconic; uncommunicative,Blue and White - Easy
tact,Sensitivity in dealing with difficult situations without offending people.,"With admirable tact, Grandma described my burnt pie as ""memorably crisp.""",diplomacy; discretion; sensitivity; finesse,Blue and White - Easy
tangible,Able to be touched; clear and real rather than abstract.,The tension became tangible when Mom asked who had put metal in the microwave.,concrete; palpable; physical; real,Blue and White - Easy
taper,"To gradually become smaller, thinner, or less intense.",My enthusiasm for the hike began to taper as the path continued upward and the snack supply continued downward.,diminish; narrow; decrease; dwindle,Blue and White - Easy
tedious,"Long, dull, repetitive, and tiring.",The tedious lecture on filing procedures made the clock appear to move backward out of sympathy.,boring; monotonous; tiresome; wearisome,Blue and White - Easy
temper,"To moderate, soften, or restrain the force of something; also a person's emotional disposition.","I tempered my criticism of the casserole by saying, ""The plate itself is lovely.""",moderate; soften; restrain; disposition,Blue and White - Easy
terse,Brief and abrupt in speech or writing.,"Dad's terse review of the camping trip was: ""Wet. Bears. Never again.""",brief; curt; concise; laconic,Blue and White - Easy
tinge,"A slight trace of color, feeling, or quality.","There was a tinge of panic in Grandpa's voice when the GPS said, ""Recalculating,"" for the ninth time.",trace; hint; touch; shade,Blue and White - Easy
tolerance,Willingness to accept differences; also the ability to endure something.,My tolerance for recorder practice is high for approximately seven minutes.,acceptance; patience; endurance; forbearance,Blue and White - Easy
tranquil,"Calm, quiet, and peaceful.",The beach was tranquil until our family arrived carrying a cooler with one squeaky wheel.,peaceful; serene; placid; calm,Blue and White - Easy
trepidation,Fear or anxiety about what may happen.,I opened the electricity bill with the trepidation of an archaeologist breaking an ancient curse.,apprehension; dread; anxiety; fear,Blue and White - Easy
trivial,Of little importance or significance.,The argument began over a trivial issue—who got the red mug—and ended with proposed international observers.,insignificant; minor; petty; inconsequential,Blue and White - Easy
truncate,To shorten by cutting off part of something.,"The editor truncated my 4,000-word restaurant review to ""Soup good; chair weird.""",shorten; cut; abridge; curtail,Blue and White - Easy
turbulent,"Characterized by disorder, conflict, or violent movement.",The flight became turbulent just as the man beside me opened a cup filled suspiciously close to the brim.,stormy; unstable; chaotic; agitated,Blue and White - Easy
undermine,To weaken gradually or secretly.,My effort to seem responsible was undermined by the smoke alarm going off during my explanation.,weaken; sabotage; erode; impair,Blue and White - Easy
understate,To describe something as less serious or important than it really is.,"Saying the toddler had made ""a small mess"" understated a situation involving yogurt on the ceiling.",downplay; minimize; diminish; play down,Blue and White - Easy
undulating,"Moving in smooth, wave-like curves.",The undulating road made the children cheer and my stomach file a formal complaint.,wavy; rolling; rippling; sinuous,Blue and White - Easy
uniform,Consistent and the same throughout; also standard clothing worn by a group.,"The cookies were not uniform: one was round, one was square, and one appeared to represent New Jersey.",consistent; identical; standardized; regular,Blue and White - Easy
unique,One of a kind; unlike anything else.,"The hotel promised a unique experience, and the goat in the lobby certainly fulfilled that promise.",distinctive; singular; one-of-a-kind; unusual,Blue and White - Easy
unprecedented,Never known or done before.,The school faced an unprecedented situation when the class hamster appeared in the principal's briefcase.,novel; unparalleled; unheard-of; extraordinary,Blue and White - Easy
upbraid,To criticize or scold severely.,"Mom upbraided us for using the sofa cushions as sleds, especially because there was no snow indoors.",reprimand; scold; berate; rebuke,Blue and White - Easy
utter,Complete or absolute; also to speak or express aloud.,"The kitchen was in utter chaos, and Dad uttered several words not included in the recipe.",absolute; complete; say; express,Blue and White - Easy
vacillate,To alternate indecisively between choices or opinions.,I vacillated between chocolate and vanilla until the people behind me began aging visibly.,waver; hesitate; oscillate; fluctuate,Blue and White - Easy
verbose,Using more words than necessary.,"The verbose sign said, in forty-two words, what ""Push"" could have communicated quite efficiently.",wordy; long-winded; prolix; garrulous,Blue and White - Easy
verify,"To confirm that something is true, accurate, or authentic.",I checked the fridge to verify that the cake was gone and found frosting fingerprints on the suspect.,confirm; validate; authenticate; corroborate,Blue and White - Easy
vex,"To annoy, frustrate, or puzzle.",The printer vexed me by claiming it was out of paper while visibly sitting on fifty sheets.,annoy; irritate; frustrate; perplex,Blue and White - Easy
viable,Capable of working successfully or surviving.,"The plan to walk home was viable until we remembered the highway, the thunderstorm, and our complete lack of enthusiasm.",workable; feasible; practical; sustainable,Blue and White - Easy
vigor,Physical or mental strength and energy.,Grandma attacked the weeds with such vigor that neighboring dandelions appeared to retreat voluntarily.,energy; vitality; strength; force,Blue and White - Easy
vilify,To speak about someone in an abusively negative way.,My children vilified the broccoli as though it had personally canceled summer vacation.,defame; denounce; malign; slander,Blue and White - Easy
virtue,A morally good quality or admirable trait.,"Patience is a virtue, especially when teaching a relative how to attach a file to an email for the sixth time.",goodness; merit; morality; excellence,Blue and White - Easy
vivid,"Bright, intense, clear, or producing strong mental images.",I have a vivid memory of the cake falling because it replayed in slow motion while everyone screamed.,striking; graphic; bright; memorable,Blue and White - Easy
volatile,Likely to change suddenly or become dangerous or explosive.,The meeting became volatile after someone proposed eliminating the office coffee machine.,unstable; explosive; unpredictable; changeable,Blue and White - Easy
vulnerable,"Open to harm, attack, criticism, or emotional injury.",The picnic became vulnerable the moment the seagulls noticed our unattended fries.,exposed; susceptible; defenseless; at risk,Blue and White - Easy
warrant,To justify or make something necessary; also official authorization.,The amount of smoke in the kitchen warranted opening every window and reconsidering the recipe.,justify; authorize; merit; necessitate,Blue and White - Easy
wither,"To dry up, shrink, weaken, or lose vitality.",My basil plant withered under my care so dramatically that the plastic plant beside it looked nervous.,shrivel; fade; wilt; decline,Blue and White - Easy
